{"chat_id": "C_27a843b6c8f94ffc86fde88cc86b0772", "scenario_id": "S_kQfCI1MRe21DDsqK", "view": [[-0.405, 0.415, 0.0, -0.12], [0.485, -0.65, 0.0, -0.8533333333333334], [0.97, 0.06, 0.6666666666666666, 0.72], [0.3, -0.115, 1.0, 0.9066666666666666], [0.065, 0.015, 0.3333333333333333, 0.4], [-0.9, 0.05, -0.6666666666666666, -0.36], [-0.03, -0.175, 0.0, -0.48]], "turns": ["You: i have a triangle of 3 dots near the center", "Them: are they all of different tone", "You: yes the black is smallest with a medium gray on top and the largest is light gray", "Them: let us select the smallest <selection>"], "referents": [[{"begin": 2, "end": 6, "target": [0, 0, 0, 1, 1, 0, 1]}], [{"begin": 1, "end": 1, "target": [0, 0, 0, 1, 1, 0, 1]}], [{"begin": 1, "end": 2, "target": [0, 0, 0, 0, 0, 0, 1]}, {"begin": 6, "end": 8, "target": [0, 0, 0, 0, 1, 0, 0]}, {"begin": 12, "end": 13, "target": [0, 0, 0, 1, 0, 0, 0]}], [{"begin": 3, "end": 4, "target": [0, 0, 0, 0, 0, 0, 1]}]], "labels": [[0, 0, 0, 1, 1, 0, 1], [0, 0, 0, 1, 1, 0, 1], [0, 0, 0, 1, 1, 0, 1], [0, 0, 0, 0, 0, 0, 1]], "preds": [[[1, 0, 0, 0, 0, 1, 1], [1, 0, 0, 0, 1, 0, 1], [1, 0, 0, 0, 1, 1, 0], [0, 1, 0, 0, 1, 0, 1], [0, 0, 0, 0, 1, 1, 1], [0, 1, 0, 1, 0, 0, 1], [0, 0, 0, 1, 0, 1, 1], [1, 0, 0, 1, 1, 0, 0], [0, 0, 0, 1, 1, 0, 1], [0, 0, 0, 1, 1, 1, 0], [1, 0, 1, 0, 0, 1, 0], [1, 0, 1, 0, 1, 0, 0], [0, 0, 1, 0, 1, 0, 1], [0, 0, 1, 0, 1, 1, 0], [1, 0, 1, 1, 0, 0, 0], [0, 0, 1, 1, 0, 0, 1], [0, 1, 1, 1, 0, 0, 0], [0, 0, 1, 1, 1, 0, 0]], [[1, 0, 0, 0, 0, 1, 1], [1, 0, 0, 0, 1, 0, 1], [1, 0, 0, 0, 1, 1, 0], [0, 1, 0, 0, 1, 0, 1], [0, 0, 0, 0, 1, 1, 1], [0, 1, 0, 1, 0, 0, 1], [0, 0, 0, 1, 0, 1, 1], [1, 0, 0, 1, 1, 0, 0], [0, 0, 0, 1, 1, 0, 1], [0, 0, 0, 1, 1, 1, 0], [1, 0, 1, 0, 0, 1, 0], [1, 0, 1, 0, 1, 0, 0], [0, 0, 1, 0, 1, 0, 1], [0, 0, 1, 0, 1, 1, 0], [1, 0, 1, 1, 0, 0, 0], [0, 0, 1, 1, 0, 0, 1], [0, 1, 1, 1, 0, 0, 0], [0, 0, 1, 1, 1, 0, 0]], [[0, 0, 0, 1, 1, 0, 1], [0, 0, 1, 0, 1, 0, 1], [0, 0, 1, 1, 0, 0, 1], [0, 0, 1, 1, 0, 1, 0], [0, 1, 0, 0, 1, 0, 1], [0, 1, 0, 1, 0, 0, 1], [0, 1, 0, 1, 1, 0, 0], [0, 1, 1, 0, 0, 0, 1], [0, 1, 1, 0, 1, 0, 0], [0, 1, 1, 1, 0, 0, 0], [1, 0, 0, 0, 1, 0, 1], [1, 0, 0, 0, 1, 1, 0], [1, 0, 0, 1, 0, 0, 1], [1, 0, 0, 1, 0, 1, 0], [1, 0, 1, 0, 0, 0, 1], [1, 0, 1, 0, 0, 1, 0], [1, 1, 0, 0, 1, 0, 0], [1, 1, 0, 1, 0, 0, 0], [1, 1, 1, 0, 0, 0, 0]], [[0, 0, 0, 1, 1, 0, 1], [0, 0, 1, 0, 1, 0, 1], [0, 0, 1, 1, 0, 0, 1], [0, 0, 1, 1, 0, 1, 0], [0, 1, 0, 0, 1, 0, 1], [0, 1, 0, 1, 0, 0, 1], [0, 1, 0, 1, 1, 0, 0], [0, 1, 1, 0, 0, 0, 1], [0, 1, 1, 0, 1, 0, 0], [0, 1, 1, 1, 0, 0, 0], [1, 0, 0, 0, 1, 0, 1], [1, 0, 0, 0, 1, 1, 0], [1, 0, 0, 1, 0, 0, 1], [1, 0, 0, 1, 0, 1, 0], [1, 0, 1, 0, 0, 0, 1], [1, 0, 1, 0, 0, 1, 0], [1, 1, 0, 0, 1, 0, 0], [1, 1, 0, 1, 0, 0, 0], [1, 1, 1, 0, 0, 0, 0]]], "past": [["Confirmation: Neither.\nGive names to the dots and list the properties described.\n* New dots A B C\n* A B C triangle\n* A B C near center", "def turn(state):\n    # New question.\n    results = []\n    for x, y, z in get3idxs(idxs):\n        check_xyz_triangle = is_triangle([x, y, z], ctx)\n        check_xyz_center = all([is_middle(dot, None, ctx) for dot in [x, y, z]])\n        if (\n            check_xyz_triangle\n            and check_xyz_center\n        ):\n            results.append([x, y, z])\n    return results\nstate = turn(state)"], ["Confirmation: Neither.", "def turn(state):\n    # No op.\n    return state\nstate = turn(state)"], ["Confirmation: Confirm.\nGive names to the dots and list the properties described.\n* New dots A B C\n* A black and smallest\n* B medium gray and on top of A\n* C light gray and largest", "def turn(state):\n    # New question.\n    results = []\n    for x, y, z in get3idxs(idxs):\n        check_x_dark = is_dark(x, ctx)\n        check_x_smallest = x == smallest([x, y, z], ctx)\n        check_y_grey = is_grey(y, ctx)\n        check_y_medium_size = is_medium_size(y, ctx)\n        check_y_top_x = is_above(y, x, ctx)\n        check_z_light_grey = is_light(z, ctx) and is_grey(z, ctx)\n        check_z_largest = z == largest([x, y, z], ctx)\n        if (\n            check_x_dark\n            and check_x_smallest\n            and check_y_grey\n            and check_y_medium_size\n            and check_y_top_x\n            and check_z_light_grey\n            and check_z_largest\n        ):\n            results.append([x, y, z])\n    return results\nstate = turn(state)"], ["Confirmation: Confirm.\nSelection.", "def select(state):\n    # Select a dot.\n    return state\nstate = select(state)"]], "agent": 0, "dot_ids": ["5", "35", "41", "54", "57", "65", "74"], "partner_dot_ids": ["5", "19", "37", "54", "57", "65", "74"], "output": 6, "parsedtext": ["I have a triangle of three dots near the center.", "Are they all of different tone?", "Yes, the black is the smallest with a medium gray on top, and the largest is light gray.", "Let us select the smallest. <selection>"], "bullet": ["Confirmation: Neither.\nGive names to the dots and list the properties described.\n* New dots A B C\n* A B C triangle\n* A B C near center", "Confirmation: Neither.", "Confirmation: Confirm.\nGive names to the dots and list the properties described.\n* New dots A B C\n* A black and smallest\n* B medium gray and on top of A\n* C light gray and largest", "Confirmation: Confirm.\nSelection."]}