{"chat_id": "C_27a843b6c8f94ffc86fde88cc86b0772", "scenario_id": "S_kQfCI1MRe21DDsqK", "view": [[-0.07, 0.305, 0.0, -0.12], [-0.96, -0.265, 0.0, 0.6133333333333333], [-0.085, 0.99, 0.6666666666666666, 0.05333333333333334], [0.635, -0.225, 1.0, 0.9066666666666666], [0.395, -0.095, 0.3333333333333333, 0.4], [-0.57, -0.06, -0.6666666666666666, -0.36], [0.3, -0.28, 0.0, -0.48]], "turns": ["Them: i have a triangle of 3 dots near the center", "You: are they all of different tone", "Them: yes the black is smallest with a medium gray on top and the largest is light gray", "You: let us select the smallest <selection>"], "referents": [[{"begin": 2, "end": 6, "target": [0, 0, 0, 1, 1, 0, 1]}], [{"begin": 1, "end": 1, "target": [0, 0, 0, 1, 1, 0, 1]}], [{"begin": 1, "end": 2, "target": [0, 0, 0, 0, 0, 0, 1]}, {"begin": 6, "end": 8, "target": [0, 0, 0, 0, 1, 0, 0]}, {"begin": 12, "end": 13, "target": [0, 0, 0, 1, 0, 0, 0]}], [{"begin": 3, "end": 4, "target": [0, 0, 0, 0, 0, 0, 1]}]], "labels": [[0, 0, 0, 1, 1, 0, 1], [0, 0, 0, 1, 1, 0, 1], [0, 0, 0, 1, 1, 0, 1], [0, 0, 0, 0, 0, 0, 1]], "preds": [[[0, 0, 0, 0, 1, 1, 1], [0, 0, 0, 1, 0, 1, 1], [0, 0, 0, 1, 1, 0, 1], [0, 0, 0, 1, 1, 1, 0], [0, 0, 1, 0, 1, 0, 1], [0, 0, 1, 1, 1, 0, 0], [0, 1, 0, 0, 0, 1, 1], [0, 1, 0, 0, 1, 0, 1], [0, 1, 0, 0, 1, 1, 0], [0, 1, 0, 1, 0, 0, 1], [0, 1, 0, 1, 0, 1, 0], [0, 1, 0, 1, 1, 0, 0], [0, 1, 1, 0, 0, 1, 0], [1, 0, 0, 0, 0, 1, 1], [1, 0, 0, 0, 1, 0, 1], [1, 0, 0, 0, 1, 1, 0], [1, 0, 0, 1, 1, 0, 0], [1, 0, 1, 0, 0, 0, 1], [1, 0, 1, 0, 0, 1, 0], [1, 0, 1, 0, 1, 0, 0], [1, 0, 1, 1, 0, 0, 0], [1, 1, 1, 0, 0, 0, 0]], [[1, 0, 0, 0, 1, 0, 1], [1, 0, 0, 1, 1, 0, 0], [0, 0, 0, 1, 1, 0, 1], [0, 0, 0, 1, 1, 1, 0], [0, 1, 1, 0, 0, 1, 0], [0, 0, 1, 0, 1, 0, 1], [0, 0, 1, 1, 1, 0, 0]], [[1, 0, 0, 0, 1, 0, 1], [0, 0, 0, 1, 1, 0, 1], [0, 0, 0, 1, 1, 1, 0]], [[0, 0, 0, 0, 0, 0, 1], [0, 0, 0, 0, 0, 1, 0]]], "past": [["Them: I have a triangle of three dots near the center.", "def turn(state):\n    # New question.\n    results = []\n    for x,y,z in get3dots(all_dots):\n        if is_triangle([x,y,z], ctx) and are_middle([x,y,z], None, ctx):\n            results.append(np.array([x,y,z]))\n    return results\nstate = turn(state)"], ["You: Are they all of different tone?", "def turn(state):\n    # Follow up question.\n    results = []\n    for result in state:\n        if different_color(result, ctx):\n            results.append(result)\n    return results\nstate = turn(state)"], ["Them: Yes, the smallest is black with medium gray on top and the largest is light gray.", "def turn(state):\n    # Follow up question.\n    results = []\n    for result in state:\n        if (\n            is_dark(smallest(result, ctx), ctx)\n            and is_grey(get_top(result, ctx), ctx)\n            and is_light(largest(result, ctx), ctx)\n        ):\n            results.append(result)\n    return results\nstate = turn(state)"], ["You: Let us select the smallest <selection>", "def select(state):\n    # Select a dot.\n    results = []\n    for result in state:\n        results.append(smallest(result, ctx))\n    return results\nstate = select(state)"]], "agent": 1, "dot_ids": ["5", "19", "37", "54", "57", "65", "74"], "partner_dot_ids": ["5", "35", "41", "54", "57", "65", "74"], "output": 6}