{"chat_id": "C_27a843b6c8f94ffc86fde88cc86b0772", "scenario_id": "S_kQfCI1MRe21DDsqK", "view": [[-0.07, 0.305, 0.0, -0.12], [-0.96, -0.265, 0.0, 0.6133333333333333], [-0.085, 0.99, 0.6666666666666666, 0.05333333333333334], [0.635, -0.225, 1.0, 0.9066666666666666], [0.395, -0.095, 0.3333333333333333, 0.4], [-0.57, -0.06, -0.6666666666666666, -0.36], [0.3, -0.28, 0.0, -0.48]], "turns": ["Them: i have a triangle of 3 dots near the center", "You: are they all of different tone", "Them: yes the black is smallest with a medium gray on top and the largest is light gray", "You: let us select the smallest <selection>"], "referents": [[{"begin": 2, "end": 6, "target": [0, 0, 0, 1, 1, 0, 1]}], [{"begin": 1, "end": 1, "target": [0, 0, 0, 1, 1, 0, 1]}], [{"begin": 1, "end": 2, "target": [0, 0, 0, 0, 0, 0, 1]}, {"begin": 6, "end": 8, "target": [0, 0, 0, 0, 1, 0, 0]}, {"begin": 12, "end": 13, "target": [0, 0, 0, 1, 0, 0, 0]}], [{"begin": 3, "end": 4, "target": [0, 0, 0, 0, 0, 0, 1]}]], "labels": [[0, 0, 0, 1, 1, 0, 1], [0, 0, 0, 1, 1, 0, 1], [0, 0, 0, 1, 1, 0, 1], [0, 0, 0, 0, 0, 0, 1]], "preds": [[[0, 0, 0, 0, 1, 1, 1], [0, 0, 0, 1, 0, 1, 1], [0, 0, 0, 1, 1, 0, 1], [0, 0, 0, 1, 1, 1, 0], [0, 0, 1, 0, 1, 0, 1], [0, 0, 1, 1, 1, 0, 0], [0, 1, 0, 0, 0, 1, 1], [0, 1, 0, 0, 1, 0, 1], [0, 1, 0, 0, 1, 1, 0], [0, 1, 0, 1, 0, 0, 1], [0, 1, 0, 1, 0, 1, 0], [0, 1, 0, 1, 1, 0, 0], [0, 1, 1, 0, 0, 1, 0], [1, 0, 0, 0, 0, 1, 1], [1, 0, 0, 0, 1, 0, 1], [1, 0, 0, 0, 1, 1, 0], [1, 0, 0, 1, 1, 0, 0], [1, 0, 1, 0, 0, 0, 1], [1, 0, 1, 0, 0, 1, 0], [1, 0, 1, 0, 1, 0, 0], [1, 0, 1, 1, 0, 0, 0], [1, 1, 1, 0, 0, 0, 0]], [[1, 0, 0, 0, 1, 0, 1], [1, 0, 0, 1, 1, 0, 0], [0, 0, 0, 1, 1, 0, 1], [0, 0, 0, 1, 1, 1, 0], [0, 1, 1, 0, 0, 1, 0], [0, 0, 1, 0, 1, 0, 1], [0, 0, 1, 1, 1, 0, 0]], [[0, 0, 0, 0, 0, 0, 0]], [[0, 0, 0, 0, 0, 0, 0]]], "past": [["Them: I have a triangle of three dots near the center.", "def turn(state):\n    # New question.\n    results = []\n    for x, y, z in get3idxs(idxs):\n        check_xyz_triangle = is_triangle([x, y, z], ctx)\n        check_xyz_center = are_middle([x, y, z], None, ctx)\n        if (\n            check_xyz_triangle\n            and check_xyz_center\n        ):\n            results.append([x, y, z])\n    return results\nstate = turn(state)"], ["You: Are they all of different tone?", "def turn(state):\n    # Follow up question.\n    results = []\n    for a, b, c in state:\n        check_different_tone = different_color([a, b, c], ctx)\n        if (\n            check_different_tone\n        ):\n            results.append([a, b, c])\n    return results\nstate = turn(state)"], ["Them: Yes, the black is the smallest with a medium gray on top, and the largest is light gray.", "def turn(state):\n    # New question.\n    results = []\n    for a, b, c in state:\n        check_a_dark = is_dark(a, ctx)\n        check_a_small = is_small(a, ctx)\n        check_b_grey = is_grey(b, ctx)\n        check_b_medium = is_medium(b, ctx)\n        check_c_light = is_light(c, ctx)\n        check_c_large = is_large(c, ctx)\n        check_b_top = are_above(b, a, ctx)\n        if (\n            check_a_dark\n            and check_a_small\n            and check_b_grey\n            and check_b_medium\n            and check_c_light\n            and check_c_large\n            and check_b_top\n        ):\n            results.append([a, b, c])\n    return results\nstate = turn(state)"], ["You: Let us select the smallest <selection>.", "def select(state):\n    # Select a dot.\n    results = []\n    for a, b, c in state:\n        smallest_dot = smallest([a, b, c], ctx)\n        results.append([smallest_dot])\n    return results\nstate = select(state)"]], "agent": 1, "dot_ids": ["5", "19", "37", "54", "57", "65", "74"], "partner_dot_ids": ["5", "35", "41", "54", "57", "65", "74"], "output": 6}