{"chat_id": "C_27a843b6c8f94ffc86fde88cc86b0772", "scenario_id": "S_kQfCI1MRe21DDsqK", "view": [[-0.07, 0.305, 0.0, -0.12], [-0.96, -0.265, 0.0, 0.6133333333333333], [-0.085, 0.99, 0.6666666666666666, 0.05333333333333334], [0.635, -0.225, 1.0, 0.9066666666666666], [0.395, -0.095, 0.3333333333333333, 0.4], [-0.57, -0.06, -0.6666666666666666, -0.36], [0.3, -0.28, 0.0, -0.48]], "turns": ["Them: i have a triangle of 3 dots near the center", "You: are they all of different tone", "Them: yes the black is smallest with a medium gray on top and the largest is light gray", "You: let us select the smallest <selection>"], "referents": [[{"begin": 2, "end": 6, "target": [0, 0, 0, 1, 1, 0, 1]}], [{"begin": 1, "end": 1, "target": [0, 0, 0, 1, 1, 0, 1]}], [{"begin": 1, "end": 2, "target": [0, 0, 0, 0, 0, 0, 1]}, {"begin": 6, "end": 8, "target": [0, 0, 0, 0, 1, 0, 0]}, {"begin": 12, "end": 13, "target": [0, 0, 0, 1, 0, 0, 0]}], [{"begin": 3, "end": 4, "target": [0, 0, 0, 0, 0, 0, 1]}]], "labels": [[0, 0, 0, 1, 1, 0, 1], [0, 0, 0, 1, 1, 0, 1], [0, 0, 0, 1, 1, 0, 1], [0, 0, 0, 0, 0, 0, 1]], "preds": [[[1, 0, 0, 0, 0, 1, 1], [0, 1, 0, 0, 0, 1, 1], [1, 0, 0, 0, 1, 0, 1], [1, 0, 0, 0, 1, 1, 0], [0, 1, 0, 0, 1, 1, 0], [0, 1, 0, 0, 1, 0, 1], [0, 0, 0, 0, 1, 1, 1], [0, 0, 0, 1, 0, 1, 1], [1, 0, 0, 1, 1, 0, 0], [0, 0, 0, 1, 1, 0, 1], [0, 0, 0, 1, 1, 1, 0], [1, 1, 1, 0, 0, 0, 0], [1, 0, 1, 0, 0, 0, 1], [1, 0, 1, 0, 0, 1, 0], [1, 0, 1, 0, 1, 0, 0], [0, 0, 1, 0, 1, 0, 1], [1, 0, 1, 1, 0, 0, 0], [0, 0, 1, 1, 1, 0, 0]], [[1, 0, 0, 0, 0, 1, 1], [0, 1, 0, 0, 0, 1, 1], [1, 0, 0, 0, 1, 0, 1], [1, 0, 0, 0, 1, 1, 0], [0, 1, 0, 0, 1, 1, 0], [0, 1, 0, 0, 1, 0, 1], [0, 0, 0, 0, 1, 1, 1], [0, 0, 0, 1, 0, 1, 1], [1, 0, 0, 1, 1, 0, 0], [0, 0, 0, 1, 1, 0, 1], [0, 0, 0, 1, 1, 1, 0], [1, 1, 1, 0, 0, 0, 0], [1, 0, 1, 0, 0, 0, 1], [1, 0, 1, 0, 0, 1, 0], [1, 0, 1, 0, 1, 0, 0], [0, 0, 1, 0, 1, 0, 1], [1, 0, 1, 1, 0, 0, 0], [0, 0, 1, 1, 1, 0, 0]], [[0, 0, 0, 0, 0, 0, 0]], [[0, 0, 0, 0, 0, 0, 0]]], "past": [["Confirmation: Confirm.\nGive names to the dots and list the properties described.\n* New dots A B C\n* A B C triangle\n* A B C near center", "def turn(state):\n    # New question.\n    results = []\n    for x,y,z in get3idxs(idxs):\n        check_xyz_triangle = is_triangle([x,y,z], ctx)\n        check_xyz_near_center = all([is_middle(dot, None, ctx) for dot in [x,y,z]])\n        if (\n            check_xyz_triangle\n            and check_xyz_near_center\n        ):\n            results.append([x,y,z])\n    return results\nstate = turn(state)"], ["Confirmation: Neither.", "def turn(state):\n    # No op.\n    return state\nstate = turn(state)"], ["Confirmation: Confirm.\nGive names to the dots and list the properties described.\n* New dots A B C\n* A black and smallest\n* B medium gray and on top of A\n* C light gray and largest", "def turn(state):\n    # New question.\n    results = []\n    for x,y,z in get3idxs(idxs):\n        check_x_black_smallest = is_black(x, ctx) and is_smallest(x, [x,y,z], ctx)\n        check_y_medium_gray_top_x = is_medium_gray(y, ctx) and is_top(y, x, ctx)\n        check_z_light_gray_largest = is_light_gray(z, ctx) and is_largest(z, [x,y,z], ctx)\n        if (\n            check_x_black_smallest\n            and check_y_medium_gray_top_x\n            and check_z_light_gray_largest\n        ):\n            results.append([x,y,z])\n    return results\nstate = turn(state)"], ["Confirmation: Confirm.\nSelection.", "def select(state):\n    # Select a dot.\n    return state[0]\nstate = select(state)"]], "agent": 1, "dot_ids": ["5", "19", "37", "54", "57", "65", "74"], "partner_dot_ids": ["5", "35", "41", "54", "57", "65", "74"], "output": 6, "parsedtext": ["I have a triangle of three dots near the center.", "Are they all of different tone?", "Yes, the black is the smallest with a medium gray on top, and the largest is light gray.", "Let us select the smallest. <selection>"], "bullet": ["Confirmation: Confirm.\nGive names to the dots and list the properties described.\n* New dots A B C\n* A B C triangle\n* A B C near center", "Confirmation: Neither.", "Confirmation: Confirm.\nGive names to the dots and list the properties described.\n* New dots A B C\n* A black and smallest\n* B medium gray and on top of A\n* C light gray and largest", "Confirmation: Confirm.\nSelection."]}