{"chat_id": "C_03e758ec63ca4d15a4558db3b6964bc8", "scenario_id": "S_9OYf4vBqiTC1p05r", "view": [[0.305, -0.45, 0.6666666666666666, -0.5733333333333334], [-0.265, -0.885, 0.6666666666666666, 0.3333333333333333], [0.705, 0.51, -1.0, 0.68], [0.695, -0.21, 1.0, -0.10666666666666667], [-0.875, 0.185, 0.3333333333333333, 0.38666666666666666], [-0.655, -0.695, 0.0, -0.5733333333333334], [-0.275, -0.41, -0.3333333333333333, 0.24]], "turns": ["You: very small lonely and very light dot ?", "Them: yes i see that <selection>"], "referents": [[{"begin": 0, "end": 6, "target": [0, 0, 1, 0, 0, 0, 0]}], [{"begin": 3, "end": 3, "target": [0, 0, 1, 0, 0, 0, 0]}]], "labels": [[0, 0, 1, 0, 0, 0, 0], [0, 0, 1, 0, 0, 0, 0]], "preds": [[[0, 0, 1, 0, 0, 0, 0], [0, 0, 0, 0, 0, 0, 1]], [[0, 0, 1, 0, 0, 0, 0], [0, 0, 0, 0, 0, 0, 1]]], "past": [["You: Very small, lonely, and very light dot?", "def turn(state):\n    # New question.\n    results = []\n    for x, in get1idxs(idxs):\n        check_x_small = is_small(x, ctx)\n        check_x_light = is_light(x, ctx)\n        check_x_alone = all([not all_close([x, dot], ctx) for dot in idxs if dot != x])\n        if (\n            check_x_small\n            and check_x_light\n            and check_x_alone\n        ):\n            results.append([x])\n    return results\nstate = turn(state)"], ["Them: Yes, I see that. <selection>", "def select(state):\n    # Select a dot.\n    return state\nstate = select(state)"]], "agent": 0, "dot_ids": ["15", "31", "37", "48", "52", "71", "79"], "partner_dot_ids": ["12", "15", "28", "31", "37", "48", "79"], "output": 2}